SampleID,HybridizeBaitSet,HybridizeCaptureKit,HybridizeContainerName,HybridizeTwistEnrichmentKit,HybridizeBlockers,HybridizeKit,HybridizeThermalCycler,HybridizeMethodDocument,HybridizeDocumentVersion,AliquotBatchNoPrepPerformanceNA24143,AliquotBatchNoGMCKsolidHD827,AliquotBatchNoGMSlymphoidHD829,AliquotBatchNoGMSmyeloidHD829,AliquotAmountNeeded,KapaLabel,KapaMethodDocument,KapaDocumentVersion,KapaPrepKit,KapaWell,KapaContainerName,PreHybLibrarySize,PreHybConcentration,PoolAmount,CaptureEnrichmentKit,CaptureHybridizationTime,BufferExchangeConcentration,PostHybLibrarySize,PostHybConcentration
ACC5464A15,,,,,,,,,,,,,,,,,,,,,,,,,,,,
ACC5812A1,,,,,,,,,,,,,,,,,,,,,,,,,,,,
ACC6306A1,,,,,,,,,,,,,,,,,,,,,,,,,,,,
ACC6473A1,,,,,,,,,,,,,,,,,,,,,,,,,,,,
ACC6488A1,,,,,,,,,,,,,,,,,,,,,,,,,,,,
ACC6488A2,,,,,,,,,,,,,,,,,,,,,,,,,,,,
ACC6488A3,,,,,,,,,,,,,,,,,,,,,,,,,,,,
ACC6488A4,,,,,,,,,,,,,,,,,,,,,,,,,,,,
ACC6488A6,,,,,,,,,,,,,,,,,,,,,,,,,,,,
ACC6488A7,,,,,,,,,,,,,,,,,,,,,,,,,,,,
ACC6488A8,,,,,,,,,,,,,,,,,,,,,,,,,,,,
ACC6488A9,,,,,,,,,,,,,,,,,,,,,,,,,,,,
ACC6488A10,,,,,,,,,,,,,,,,,,,,,,,,,,,,
ACC6488A11,,,,,,,,,,,,,,,,,,,,,,,,,,,,
ACC6488A12,,,,,,,,,,,,,,,,,,,,,,,,,,,,
ACC6488A13,,,,,,,,,,,,,,,,,,,,,,,,,,,,
ACC6488A15,,,,,,,,,,,,,,,,,,,,,,,,,,,,
ACC6488A16,,,,,,,,,,,,,,,,,,,,,,,,,,,,
ACC6488A17,,,,,,,,,,,,,,,,,,,,,,,,,,,,
ACC6488A18,,,,,,,,,,,,,,,,,,,,,,,,,,,,
ACC6488A19,,,,,,,,,,,,,,,,,,,,,,,,,,,,
ACC6488A20,,,,,,,,,,,,,,,,,,,,,,,,,,,,
ACC6488A22,,,,,,,,,,,,,,,,,,,,,,,,,,,,
ACC6488A23,,,,,,,,,,,,,,,,,,,,,,,,,,,,
ACC6488A24,,,,,,,,,,,,,,,,,,,,,,,,,,,,
ACC6488A25,,,,,,,,,,,,,,,,,,,,,,,,,,,,
ACC6488A26,,,,,,,,,,,,,,,,,,,,,,,,,,,,
ACC6488A27,,,,,,,,,,,,,,,,,,,,,,,,,,,,
ACC6488A28,,,,,,,,,,,,,,,,,,,,,,,,,,,,
ACC6488A29,,,,,,,,,,,,,,,,,,,,,,,,,,,,
ACC6488A30,,,,,,,,,,,,,,,,,,,,,,,,,,,,
ACC6637A1,,,,,,,,,,,,,,,,,,,,,,,,,,,,
ACC6637A2,,,,,,,,,,,,,,,,,,,,,,,,,,,,
ACC6637A3,gms_myeloid_5.2,2000001530,tga201207,-,300000154,3100000316,trooper,1993,4,2020-01-30,,,,50,['H10 IDT_10nt_538 (AAGCATGGTT-CCACAGCAAG)'],1993,4,104051,H:2,tga201207,416,143.525,1500,-,18.5,1.667,420,4.845
ACC6637A4,gms_myeloid_5.2,2000001530,tga201214,3100000316,3100000154,3100000316,trooper,1993,4,2019-06-17,,,,50.01,['G04 IDT_10nt_517 (GATCACGGTT-AACGGATCGC)'],2125,4,111970,G:4,tga201214,432,111.298,1500,3100000291/2000002299,19,1.667,331,2.082
ACC6637A5,gms_myeloid_5.2,2000001530,tga210105,3100000316,3100000154,3100000316,trooper,1993,4,,,,,50.01,['A05 IDT_10nt_655 (CAGCTAGCTT-TCGTCAGTGC)'],2125,5,111970,A:5,tga210105,430,155.033,1500,2000002299/3100000291,19.5,1.667,386,2.72
ACC6637A6,gms_myeloid_5.2,2000001530,tga210118,3100000316,3100000154,3100000316,trooper,1993,4,2019-06-17,,,,50.01,['B12 IDT_10nt_460 (ATAGGTCGTC-TGCACATATC)'],2125,5,111970,B:5,tga210118,428,121.335,1500,"2000002299, 3100000291",18,1.667,448,2.775
ACC6637A7,gms_myeloid_5.2,2000001530,tga210125,3100000316,3100000154,3100000316,trooper,1993,4,2019-06-17,2020-10-13,,2020-10-13,50.01,['G06 IDT_10nt_739 (GTGCTCATAA-ACAGTACCAA)'],2125,5,112550,G:6,tga210125,417,137.591,1000,"200000229, 3100000291",18,1.667,446,1.928
ACC6637A8,gms_myeloid_5.2,2000001530,tga210201-02,3100000316,3100000154,3100000316,trooper,1993,5,2019-06-17,2020-10-13,,2020-10-13,50.01,['G07 IDT_10nt_520 (CCGCATTCCT-CCTTCGTTGC)'],2125,5,112550,G:3,tga210202,410,98.174,1500,2000002299/3100000291,19.5,1.667,409,2.99
ACC6637A9,gms_myeloid_5.2,2000001530,tga210208,3100000316,3100000154,3100000316,trooper,1993,5,2019-06-17,2020-10-13,,2020-10-13,50.01,['G12 IDT_10nt_745 (TACGCAATCA-TCGTCTGCTC)'],1993,5,112550,G:4,tga210208,442,95.594,1500,3100000291/2000002299,19.5,1.667,437,4.308
ACC6637A10,gms_myeloid_5.2,2000001530,tga210215,-,3100000433/3100000154,3100000316,trooper,1993,5,2019-06-17,-,2020-10-13,2020-10-13,50.01,['D11 IDT_10nt_485 (GACATGTCTC-CCACTTGCCA)'],2125,5,114581,D:4,tga210215,380,65.547,1500,2000002299,20,1.667,338,1.547
ACC6637A11,gms_myeloid_5.2,2000001530,tga210222,3100000316,3100000433,3100000316,trooper,1993,5,,,2020-01-30,2020-01-30,50.01,['A04 IDT_10nt_654 (CATCTTACCT-TAGTCACGTT)'],1993,5,114581,A:4,tga210222,507,201.717,1500,2000002299,17,1.667,461,2.648
ACC6648A1,,,,,,,,,,,,,,,,,,,,,,,,,,,,
ACC6648A2,,,,,,,,,,2020-01-30,,,,50.01,['G07 IDT_10nt_740 (TGCTAATGGA-ATGACTGCCG)'],2125,4,104051,G:5,tga201123,497,119.079,,,,1.667,,
ACC6648A3,gms_lymphoid_7.1,00000,tg201130_II,00000,00000,00000,00000,1993,00000,,,,,50.01,['H08 IDT_10nt_753 (GCTGTGAGAC-GAAGCAACAA)'],2125,4,104051,H:1,tga201125_II,422,82.655,1500,00000,0,1.667,450,2.478
ACC6648A4,gms_lymphoid_7.2,12.29.2020,tga210208,3100000316,3100000154,3100000316,trooper,1993,5,,,,,50,['E07 IDT_10nt_496 (GTTGCCTGAC-TTGGCAACCG)'],1993,4,111970,E:2,tga201217,430,122.282,1500,3100000291/2000002299,19.5,1.667,440,3.012
ACC6648A5,gms_myeloid_5.2,2000001530,tga210111,3100000316,3100000154,3100000316,trooper,1993,4,,,,,50.01,['E08 IDT_10nt_713 (CGGTGAATAA-CAACTATAGG)'],2125,5,111970,E:3,tga210111,445,145.609,1500,3100000291/2000002299,18,1.667,335,1.783
ACC6648A6,gms_lymphoid_7.1,2019-09-11,tga210118,3100000316,3100000154,3100000316,trooper,1993,4,2019-06-17,,,,50.01,['A12 IDT_10nt_448 (AATAGCCATC-TAACGACGTT)'],2125,5,111970,A:5,tga210118,436,93.463,1500,"2000002299, 3100000291",18,1.667,430,1.595
ACC7116A1,,,,,,,,,,,,,,,,,,,,,,,,,,,,
ACC7116A2,,,,,,,,,,,,,,,,,,,,,,,,,,,,
ACC7116A3,gmck_solid_4.1,PanCancer_it1/0001901,tga201207,-,300000154,3100000316,trooper,1993,4,2020-01-30,,,,50,['G10 IDT_10nt_525 (TCAGAACCTG-ATAGATCGGT)'],1993,4,104051,G:2,tga201207,431,176.682,1500,-,18.5,,444,4.883
ACC7116A4,,,,,,,,,,,,,,50.01,['B07 IDT_10nt_455 (GTAGATCCGG-CTCCGAACAA)'],2125,11,1,A:1,test205,,100,,,,,,
ACC7116A5,,,,,,,,,,,,,,50.01,['H07 IDT_10nt_535 (CGTCAGTACG-CCGTGTTCTC)'],2125,11,1,B:1,test205,,200,,,,,,
ACC7117A1,,,,,,,,,,2020-03-03,,,,250,['A07 IDT_10nt_657 (TGGTGATGTG-CCAGTTAATC)'],2125,4,111970,A:1,tga454306,439,152.051,,,,,,
ACC7117A2,,,,,,,,,,2020-03-03,,,,250,['F12 IDT_10nt_731 (ACGTTAGCTA-CAATACCTTC)'],2125,4,111970,F:6,tga454306,426,169.79,,,,,,
ACC7117A3,exome_comp_10.1,2000002433,tga210308,-,3100000433,3100000316,trooper,1993,6,2020-03-03,2020-10-13,,2021-03-01,250,['F08 IDT_10nt_509 (GTACCATGTC-CACTATTCCA)'],2125,5,112550/111970,F:4,tga210308,421,141.236,1500,2000002299,19,,413,2.479
ACC7117A4,,,,,,,,,,2021-03-08,2020-10-13,,2021-03-01,250,,,,,,,,,,,,,,
ACC7117A5,,,,,,,,,,2021-03-08_2,2020-10-13,-,-,250,,,,,,,,,,,,,,
ACC7117A6,,,,,,,,,,,,,,,,,,,,,,,,,,,,
ACC7117A7,,,,,,,,,,,,,,,,,,,,,,,,,,,,
ACC7117A8,,,,,,,,,,,,,,,,,,,,,,,,,,,,
ACC7117A9,,,,,,,,,,,,,,,,,,,,,,,,,,,,
ACC7117A10,,,,,,,,,,,,,,,,,,,,,,,,,,,,
ACC7117A11,,,,,,,,,,,,,,,,,,,,,,,,,,,,
ACC7117A12,,,,,,,,,,,,,,,,,,,,,,,,,,,,
ACC7117A13,,,,,,,,,,,,,,,,,,,,,,,,,,,,
ACC7117A14,,,,,,,,,,,,,,,,,,,,,,,,,,,,
ACC7117A15,,,,,,,,,,,,,,,,,,,,,,,,,,,,
ACC7117A16,,,,,,,,,,,,,,,,,,,,,,,,,,,,
ACC7117A17,exome_comp_10.1,2000002322,tga201020,3100000066,3100000154,3100000066,challenger,1993,4,2020-01-30,,,,250,['A10 IDT_10nt_446 (AGCGTGACCT-CCATCCGAGT)'],2125,2,104051,A:1,tga201020,401,190.582,1500,3100000291,16.45,,378,2.753
ACC7117A18,exome_comp_10.1,2000002322,tga201020,3100000066,3100000154,3100000066,challenger,1993,4,2020-01-30,,,,250,['G12 IDT_10nt_527 (GTTCTACGAA-TTGTCTGTAG)'],2125,2,104051,G:3,tga201020,395,192.239,1500,3100000291,16.45,,378,2.753
ACC7117A19,exome_comp_10.1,2000002322,tga201020,3100000066,3100000154,3100000066,challenger,1993,4,2020-01-30,,,,250,['A01 IDT_10nt_434 (CGACGTACAC-AGGTCGATAA)'],2125,2,104051,A:1,tga201013,383,226.404,1500,3100000291,16.45,,378,2.753
ACC7117A20,exome_comp_10.1,2000002322,tga201020,3100000066,3100000154,3100000066,challenger,1993,4,2020-01-30,,,,250,['H06 IDT_10nt_534 (GTAATGCGGC-CTTGAATTCG)'],2125,2,104051,H:6,tga201013,353,154.674,1500,3100000291,16.45,,378,2.753
ACC7118A1,,,,,,,,,,,,,,,,,,,,,,,,,,,,
ACC7118A2,,,,,,,,,,,,,,,,,,,,,,,,,,,,
ACC7118A3,,,,,,,,,,,,,,,,,,,,,,,,,,,,
ACC7118A4,,,,,,,,,,,,,,,,,,,,,,,,,,,,
ACC7118A5,,,,,,,,,,,,,,,,,,,,,,,,,,,,
ACC7118A6,,,,,,,,,,,,,,,,,,,,,,,,,,,,
ACC7118A7,exome_comp_10.1,2000002322,tga201116,3100000316,3100000154,3100000316,trooper,1993,4,2020-01-30,,,,50.01,['G02 IDT_10nt_734 (GTGACCTGGT-ACTTCGTCAA)'],1993,4,104051,G:2,tga201116,383,162.311,1500,"2000002299,3100000291",,,383,1.252
ACC7118A8,,,,,,,,,,,,,,50.01,['H07 IDT_10nt_752 (AGACGAGCGA-CAGGCGTCAA)'],2125,5,104051,H:5,tga201123_II,443,215.78,,,,,,
ACC7118A9,exome_comp_10.1,00000,tg201130_II,00000,00000,00000,00000,1993,00000,,,,,50.01,['A09 IDT_10nt_660 (TTCGGCCAGT-TAACCTTGCA)'],2125,4,104051,A:2,tga201125_II,413,165.349,1500,00000,0,,367,1.131
ACC7118A10,,,,,,,,,,2020-01-30,,,,50.01,['F12 IDT_10nt_513 (TCGTCCGCAT-TGGATTGTAG)'],2125,4,104051,F:2,tga201130,437,119.044,,,,,,
ACC7118A11,exome_comp_10.1,2000002322,tga201207,-,300000154,3100000316,trooper,1993,4,,,,,50.01,['A01 IDT_10nt_434 (CGACGTACAC-AGGTCGATAA)'],2125,4,104051,A:1,tga201203,429,118.328,1500,-,18.5,,373,4.847
ACC7118A12,exome_comp_10.1,2000002322,tga201214,3100000316,3100000154,3100000316,trooper,1993,4,2019-06-17,,,,50.01,['H04 IDT_10nt_532 (TTGGCAGATG-CTCATTAACG)'],2125,4,111970,H:4,tga201214,432,169.868,1500,3100000291/2000002299,19,,360,1.855
ACC7118A13,exome_comp_10.1,2000002322,tga201217,3100000316,3100000154,3100000316,trooper,1993,4,2019-06--17,,,,50,['C07 IDT_10nt_468 (AATACGAGGT-ATAGCGCAGC)'],1993,4,111970,C:2,tga201217,434,184.667,1500,"3100000291, 2000002299",17,,412,1.358
ACC7118A14,exome_comp_10.1,2000002322,tga210105,3100000316,3100000154,3100000316,trooper,1993,4,,,,,50.01,['H04 IDT_10nt_749 (AGAGGTGATT-GCAGTACACG)'],2125,5,111970,H:4,tga210105,425,247.855,1500,2000002299/3100000291,19.5,,368,1.769
ACC7118A15,exome_comp_10.1,2000002322,tga210111,3100000316,3100000154,3100000316,trooper,1993,4,,,,,50.01,['F08 IDT_10nt_725 (CTGTGAAGCG-TTAGGTGAAG)'],2125,5,111970,F:3,tga210111,445,237.834,1500,3100000291/2000002299,18,,398,1.752
ACC7118A16,exome_comp_10.1,2000002433,tga210118,3100000316,3100000154,3100000316,trooper,1993,4,2019-06-17,,,,50.01,['H11 IDT_10nt_539 (AGGCGATCTG-AATTACGACG)'],2125,5,111970,H:4,tga210118,420,172.812,1000,"2000002299, 3100000291",18,,376,1.656
ACC7118A17,exome_comp_10.1,2000002689,tga210125,3100000316,3100000154,3100000316,trooper,1993,4,2019-06-17,2020-10-13,,2020-10-13,50.01,['H06 IDT_10nt_751 (AGCAAGAGGA-GAACCGTACG)'],2125,5,112550,H:6,tga210125,408,194.448,1500,"200000229, 3100000291",18,,407,1.859
ACC7118A18,exome_comp_10.1,2000000289,tga210201-02,3100000316,3100000154,3100000316,trooper,1993,5,2019-06-17,2020-10-13,,2020-10-13,50.01,['F07 IDT_10nt_508 (AATACACGGA-ATTAACCAGC)'],2125,5,112550,F:3,tga210202,419,162.883,1500,2000002299/3100000291,19.5,,394,1.547
ACC7118A19,exome_comp_10.1,2000002433,tga210208,3100000316,3100000154,3100000316,trooper,1993,5,2019-06-17,2020-10-13,,2020-10-13,50.01,['E12 IDT_10nt_717 (TTATACCGCT-AGAGTACGCT)'],1993,5,112550,E:4,tga210208,427,144.749,1500,3100000291/2000002299,19.5,,399,2.468
ACC7118A20,exome_comp_10.1,2000002433,tga210215,-,3100000433/3100000154,3100000316,trooper,1993,5,2019-06-17,-,2020-10-13,2020-10-13,50.01,['C11 IDT_10nt_473 (TGCTCCTAAC-TTCCTAGCCG)'],2125,5,114581,C:4,tga210215,389,116.19,1500,2000002299,20,,311,0.904
ACC7118A21,exome_comp_10.1,2000002689,tga210222,3100000316,3100000433,3100000316,trooper,1993,5,2019-06-17,2020-10-13,,,50.01,['C04 IDT_10nt_683 (TTCGAGGATT-CGCTAATCTT)'],1993,5,114581,C:4,tga210222,499,159.656,1500,2000002299,17,,417,2.034
ACC7207A1,,,,,,,,,,,,,,,,,,,,,,,,,,,,
ACC7207A2,,,,,,,,,,,,,,,,,,,,,,,,,,,,
ACC7207A3,,,,,,,,,,2020-01-30,,,,50.01,['F02 IDT_10nt_719 (TACCTGGAGG-TCGGTGAATA)'],1993,4,104051,F:2,tga201116,384,122.385,,,,,,
ACC7207A4,gmck_solid_4.1,00000,tg201130_II,00000,00000,00000,00000,1993,00000,,,,,50.01,['F07 IDT_10nt_724 (AGCACTATTC-CGTAACATAG)'],2125,5,104051,F:5,tga201123_II,411,156.331,1500,00000,0,,419,0.617
ACC7207A5,,,,,,,,,,2020-01-30,,,,50.01,['G12 IDT_10nt_527 (GTTCTACGAA-TTGTCTGTAG)'],2125,4,104051,G:2,tga201130,419,80.158,,,,,,
ACC7207A6,gmck_solid_4.1,PanCancer_it1/0001901,tga201207,-,300000154,3100000316,trooper,1993,4,2020-01-30,,,,50,['A11 IDT_10nt_447 (CTAGCAGTTA-ACAGAGCTGG)'],1993,4,104051,A:3,tga201207,417,128.278,1500,-,18.5,,444,4.883
ACC7207A7,gmck_solid_4.1,0001901/09-23-2019,tga201214,3100000316,3100000154,3100000316,trooper,1993,4,2019-06-17,,,,50.01,['F04 IDT_10nt_505 (CAGGACCAAT-TAATATCCGC)'],2125,4,111970,F:4,tga201214,443,112.662,1500,3100000291/2000002299,19,,342,2.062
ACC7207A8,,,,,,,,,,2019-06--17,,,,50,['D07 IDT_10nt_481 (GAAGGATTCA-GTCAAGTTCA)'],1993,4,111970,D:2,tga201217,438,124.475,,,,,,
ACC7207A9,gmck_solid_4.1,09/23/2019,tga210125,3100000316,3100000154,3100000316,trooper,1993,4,2019-06-17,2020-10-13,,2020-10-13,50.01,['F06 IDT_10nt_723 (GACAGGCTGT-GTGCTGAACT)'],2125,5,112550,F:6,tga210125,401,109.729,1500,"200000229, 3100000291",18,,462,2.124
ACC7207A10,gmck_solid_4.1,09/23/2019,tga210201-02,3100000316,3100000154,3100000316,trooper,1993,5,2019-06-17,2020-10-13,,2020-10-13,50.01,['H07 IDT_10nt_535 (CGTCAGTACG-CCGTGTTCTC)'],2125,5,112550,H:3,tga210202,397,89.018,1500,2000002299/3100000291,19.5,,390,4.429
ACC7207A11,gmck_solid_4.1,09/23/2019,tga210201-02,3100000316,3100000154,3100000316,trooper,1993,5,,2020-10-13,,,50.01,['E04 IDT_10nt_493 (AGATCGCTCG-ATAACGCTCA)'],1993,5,112550,E:4,tga210201,399,14.48,1500,2000002299/3100000291,19.5,,390,4.429
ACC7207A12,gmck_solid_4.1,11/22/2020,tga210208,3100000316,3100000154,3100000316,trooper,1993,5,2019-06-17,2020-10-13,,2020-10-13,50.01,['F12 IDT_10nt_731 (ACGTTAGCTA-CAATACCTTC)'],1993,5,112550,F:4,tga210208,426,74.392,1500,3100000291/2000002299,19.5,,422,4.769
ACC7207A13,gmck_solid_4.1,11/22/2020,tga210222,3100000316,3100000433,3100000316,trooper,1993,5,2019-06-17,2020-10-13,,,50.01,['D04 IDT_10nt_695 (CGTGTATTCA-TGTTGCACTA)'],1993,5,114581,D:4,tga210222,458,147.435,1500,2000002299,17,,405,1.864
